file,parent,ok,err,assemble_ok,verify_ok,codegen_ok
BFS.ll,1,True,0,True,True,True
DFS.ll,1,True,0,True,True,True
binarysearch.ll,1,True,0,True,True,True
bubblesort.ll,1,True,0,True,True,True
heapsort.ll,1,True,0,True,True,True
insertionsort.ll,1,True,0,True,True,True
linearsearch.ll,1,True,0,True,True,True
mergesort.ll,1,True,0,True,True,True
quicksort.ll,1,True,0,True,True,True
selectionsort.ll,1,True,0,True,True,True
AES128_modular_function11.ll,success,True,0,True,True,True
AES128_modular_function21.ll,success,True,0,True,True,True
AES128_modular_function31.ll,success,True,0,True,True,True
AES128_modular_function41.ll,success,True,0,True,True,True
AES128_modular_function51.ll,success,True,0,True,True,True
AES128_modular_function61.ll,success,True,0,True,True,True
AES128_modular_function71.ll,success,True,0,True,True,True
AES128_modular_function82.ll,success,True,0,True,True,True
AES128_modular_function91.ll,success,True,0,True,True,True
AES128_modular_main2.ll,success,True,0,True,True,True
AES128_single_function4.ll,success,True,0,True,True,True
AES128_single_main3.ll,success,True,0,True,True,True
BFS_function1.ll,success,True,0,True,True,True
BFS_main3.ll,success,True,0,True,True,True
DES_modular_function11.ll,success,True,0,True,True,True
DES_modular_function21.ll,success,True,0,True,True,True
DES_modular_function32.ll,success,True,0,True,True,True
DES_modular_function41.ll,success,True,0,True,True,True
DES_modular_function51.ll,success,True,0,True,True,True
DES_modular_function61.ll,success,True,0,True,True,True
DES_modular_main2.ll,success,True,0,True,True,True
DES_single__main3.ll,success,True,0,True,True,True
DES_single_function3.ll,success,True,0,True,True,True
DFS_function1.ll,success,True,0,True,True,True
DFS_main1.ll,success,True,0,True,True,True
binarysearch_function1.ll,success,True,0,True,True,True
binarysearch_main1.ll,success,True,0,True,True,True
bubblesort_function1.ll,success,True,0,True,True,True
bubblesort_main1.ll,success,True,0,True,True,True
heapsort_function1.ll,success,True,0,True,True,True
heapsort_main1.ll,success,True,0,True,True,True
insertionsort_function2.ll,success,True,0,True,True,True
insertionsort_main1.ll,success,True,0,True,True,True
linearsearch_function1.ll,success,True,0,True,True,True
linearsearch_main1.ll,success,True,0,True,True,True
mergesort_function2.ll,success,True,0,True,True,True
mergesort_main1.ll,success,True,0,True,True,True
quicksort_function2.ll,success,True,0,True,True,True
quicksort_main1.ll,success,True,0,True,True,True
selectionsort_function1.ll,success,True,0,True,True,True
selectionsort_main1.ll,success,True,0,True,True,True
